name,url,location,rating,reviews,description,certifications
NP Istanbul Brain Hospital,https://us-uk.bookimed.com/clinic/np-istanbul-brain-hospital/,"Turkey, Istanbul",4.4,54 reviews,"Recognized as No.2 Brain Hospital in Europe, the facility excels in offering comprehensive Autism treatments. Therapies include thought-focused medicines and measurements of brain functions to manage Autism spectrum disorders. Dr. Sermin Kesebir , with 25+ years of experience, specializes in psychotherapy and psychiatric diseases. Dr. Kesebir's publications in peer-reviewed journals reflect his expertise in psych neurophysiology and psychoanalytically oriented psychotherapies. The clinic's quality services are affirmed by certifications like ISO and accreditation by TÜV NORD CERT.",
Memorial Şişli Hospital,https://us-uk.bookimed.com/clinic/memorial-healthcare-group/,"Turkey, Istanbul",4.7,342 reviews,"JCI accreditation as the first hospital in Turkey ensures high-quality Autism treatment standards. Offers psychotherapy and ABA therapy for autism with experienced professionals. Internationally trained doctors practice in top centers in Europe and the USA, enhancing Autism care. Comprehensive support for international patients, including language assistance and medical interpreters. Convenient location in Istanbul's city center, 28 km from Istanbul Ataturk International Airport.",
Liv Hospital Ulus,https://us-uk.bookimed.com/clinic/liv-hospital/,"Turkey, Istanbul",4.5,234 reviews,"Accredited by the Joint Commission International, ensuring high standards in autism treatment and comprehensive patient care. Offers stem cell therapy as a treatment option for autism, providing innovative and effective approaches. Hosts over 50 specialized clinics, enhancing multidisciplinary collaboration for autism treatment. Located 30 minutes from Istanbul Airport, provides easy access for international autism patients. Annually attracts 50,000 international patients, indicating trust and recognition in autism care.",
Stem Solutions,https://us-uk.bookimed.com/clinic/stem-solutions/,"Mexico, Monterrey",4.8,6 reviews,"Renowned for specializing in regenerative medicine with a focus on autism, offering personalized stem cell therapy treatments. Offers advanced stem cell therapy targeting autism, promoting recovery at the cellular level. Uses ultrasound-guided techniques, enhancing precision and effectiveness in autism treatment. Serves a diverse international patient base, including patients from the USA, Canada, and Europe. Committed to natural, minimally invasive interventions that improve quality of life and recovery.",
Giostar Stem Cell Therapy | Cancun Clinic,https://us-uk.bookimed.com/clinic/giostar-stem-cell-therapy-mexico/,"Mexico, Cancún",5.0,,"Over 20 years of pioneering stem cell research, leading to significant advancements in autism treatment. Personalized stem cell therapy protocols tailored to enhance the body's natural healing processes for autism. Clinic serves both children and adults, attracting patients from the USA and Canada for autism care. Renowned team of visionary scientists and clinicians specializing in innovative stem cell treatments. Located in Playa Del Carmen, Mexico, offering a multi-specialty approach to address various conditions including autism.",
Juventa Regenerative Medicine,https://us-uk.bookimed.com/clinic/juventa/,"Mexico, Playa del Carmen",5.0,5 reviews,"Certified expertmedicals at the clinic provide exceptional healing services in orthopedics, endocrinology, and immunology, enhancing treatment success rates. Stem cell therapy offered for autism treatment, promoting healing and restoration with minimally invasive methods. 500 patients annually choose the clinic for top-quality care, indicating trust and satisfaction in their services. Frequent visits from patients in Europe, Commonwealth, Arab League States, USA, Canada, and Australia reflect international recognition. Home medical services tailored to individual needs ensure comfort and personalized care for every patient.",
Child Development Center Beit Issie Shapiro,https://us-uk.bookimed.com/clinic/child-development-center-beit-issie-shapiro/,"Israel, Ra'anana",4.8,,"Israeli rehabilitation center for the children  Beit Izzy Shapiro has been around for 35 years and during that time the unique methods of therapy have been developed in the center, which are used in rehabilitation throughout the world. Beit Izzy Shapiro takes care of children up to 14 years with various developmental disabilities. More than 30 thousand patients a year undergo rehabilitation here.",
SJD Barcelona Children’s Hospital,https://us-uk.bookimed.com/clinic/sant-joan-de-déu-–-barcelona-children’s-hospital/,"Spain, Barcelona",4.8,41 reviews,"Ranked among the Top-5 medical institutions in Europe; recognized for expertise in pediatric healthcare. Accredited by the National Board of Health in Spain; part of the National Association of Children’s Hospitals. Comprehensive care for patients from infant age to 21; over 225,000 outpatient visits annually. Specialists develop innovative therapeutic methods; 11 scientific discoveries in molecular medicine. Therapy through play as part of autism treatment; creating a comforting environment for children.",
Quironsalud Madrid,https://us-uk.bookimed.com/clinic/quiron-madrid/,"Spain, Madrid",3.8,6 reviews,"Recognized in the World's Best Hospitals 2021 by Newsweek for its outstanding medical services, including autism treatment. Offers clinical trials for neurodegenerative disorders, providing an opportunity for free treatment if eligible. Features a Neurosurgery Department using advanced neuronavigation for precise interventions, beneficial for autism-related issues. Located in a quiet suburb of Madrid, providing a peaceful environment for patients and families. All patients stay in single, well-equipped rooms with modern amenities for comfort and privacy.",

